Planet,a/R,e_a/R,E_a/R,m,e_m,E_m,r,e_r,E_r,e,e_e,E_e,lambda,e_lambda,E_lambda,i,e_i,E_i,psi,e_psi,E_psi,Refs,SimbadName,_RA,_DE
AU Mic b        ,18.92,2.42,2.15,0.05,0.01,0.01,0.38,0.02,0.02,0.1,0.09,0.17,4.7,6.8,6.4,90,19.5,0,12.1,7.5,11.3,"1,2,3,4,5         ",AU Mic b       ,311.28972,-31.3409
Beta PIC b      ,1141.92,3.47,3.47,11.9,3.04,2.93,1.46,0.01,0.01,0.103,0.03,0.03,3,5,5,     ,    ,    ,,    ,    ,"6,7,8             ",Beta PIC b     ,86.8212,-51.06651
CoRoT-11b       ,6.89,0.4,0.4,2.34,0.39,0.39,1.43,0.06,0.06,0,0,0.36,0.1,2.6,2.6,     ,    ,    ,,    ,    ,"9,15              ",CoRoT-11b      ,280.68729,5.93768
CoRoT-18b       ,7.01,0.31,0.28,3.3,0.19,0.19,1.15,0.05,0.04,0,0,0.025,10,20,20,90,23.2,0,25.4,13.1,13.6,"9,16,2            ",CoRoT-18b      ,98.17241,-0.03159
CoRoT-2b        ,6.77,0.18,0.18,3.57,0.15,0.15,1.46,0.03,0.03,0,0,0.024,1,6,7.7,90,10.8,0,8.9,5.1,6.7,"9,10,2,11,12,13   ",CoRoT-2b       ,291.77706,1.38371
CoRoT-3b        ,7.9,0.48,0.49,21.96,0.7,0.7,1.04,0.07,0.07,0,0,0.016,37.6,22.3,10,     ,    ,    ,,    ,    ,"9,14              ",CoRoT-3b       ,292.05527,0.12184
DS Tuc b        ,16.08,0.28,0.32,0.09,0.04,0.11,0.5,0.02,0.02,0,      ,      ,2.9,0.9,0.9,90,7.3,0,4,1.6,4.6,"17,18,2,19        ",HD 222259Ab    ,354.9145,-69.19575
EPIC 246851721b ,9.59,0.23,0.23,3,1.2,1.1,1,0.05,0.05,0,      ,      ,1.5,0.9,0.9,90,12.4,0,2.9,1.6,10.8,"20,2              ",EPIC 246851721b,78.91981,16.27875
GJ 3470b        ,13.84,0.46,0.51,0.04,0.01,0.01,0.35,0.03,0.03,0.126,0.041,0.042,101,14,29,51,21,25,97,11,16,"21,22             ",GJ 3470b       ,119.77433,15.39146
GJ 436b         ,14.56,0.81,0.84,0.08,0.01,0.01,0.37,0.01,0.01,0.162,0.003,0.004,72,24,33,37.3,12.5,16.2,80,18,21,23,GJ 436b        ,175.54622,26.70657
HAT-P-1b        ,10.19,0.28,0.27,0.53,0.02,0.02,1.32,0.02,0.02,0,0,0.011,3.7,2.1,2.1,     ,    ,    ,,    ,    ,"9,24              ",HAT-P-1b       ,344.44518,38.6751
HAT-P-2b        ,8.63,0.78,0.78,8.74,0.27,0.27,1.19,0.12,0.12,0.508,0.001,0.001,0.2,12.5,12.2,     ,    ,    ,,    ,    ,"9,25,26,27        ",HAT-P-2b       ,245.15149,41.04809
HAT-P-3b        ,9.81,0.31,0.31,0.59,0.02,0.02,0.91,0.03,0.03,0,0,0.01,21.2,8.7,8.7,     ,    ,    ,,    ,    ,"9,28              ",HAT-P-3b       ,206.09414,48.02867
HAT-P-4b        ,6,0.19,0.47,0.68,0.03,0.05,1.34,0.04,0.08,0,0,0.007,4.9,11.9,11.9,     ,    ,    ,,    ,    ,"9,29              ",HAT-P-4b       ,229.99134,36.22965
HAT-P-6b        ,7.43,0.37,0.37,1.06,0.06,0.06,1.4,0.08,0.08,0,0,0.044,165,6,6,     ,    ,    ,,    ,    ,"9,27,30           ",HAT-P-6b       ,354.77421,42.46597
HAT-P-7b        ,4.05,0.04,0.04,1.87,0.03,0.03,1.53,0.01,0.01,0,0,0.004,142,16,12,0,0,36,97,14,14,"9,31,32,33,27,34  ",HAT-P-7b       ,292.24731,47.9695
HAT-P-8b        ,6.4,0.2,0.2,1.27,0.05,0.05,1.32,0.04,0.04,0,0,0.006,17,9.2,11.5,     ,    ,    ,,    ,    ,"9,35,36           ",HAT-P-8b       ,343.0411,35.44711
HAT-P-9b        ,8.5,0.56,0.56,0.78,0.08,0.08,1.38,0.1,0.1,0,0,0.16,16,8,8,     ,    ,    ,,    ,    ,"9,35              ",HAT-P-9b       ,110.16857,37.14065
HAT-P-11b       ,16.56,0.29,0.29,0.09,0.01,0.01,0.39,0.01,0.01,0.264,0.001,0.001,103,10,26,67,4,2,97,4,8,"37,38,39,40,41    ",HAT-P-11b      ,297.70936,48.08086
HAT-P-12b       ,11.93,0.3,0.3,0.2,0.01,0.01,0.92,0.02,0.02,0,0,0.035,54,41,13,     ,    ,    ,,    ,    ,"9,28              ",HAT-P-12b      ,209.38945,43.4935
HAT-P-13b       ,5.37,0.16,0.16,0.91,0.03,0.03,1.49,0.04,0.04,0.009,0.002,0.004,1.9,8.6,8.6,     ,    ,    ,,    ,    ,"42,43             ",HAT-P-13b      ,129.88253,47.35202
HAT-P-14b       ,8.26,0.31,0.31,2.27,0.08,0.08,1.22,0.06,0.06,0.107,0.008,0.008,170.9,5.1,5.1,     ,    ,    ,,    ,    ,"9,29              ",HAT-P-14b      ,260.11616,38.2422
HAT-P-16b       ,7.67,0.2,0.2,4.19,0.13,0.13,1.19,0.04,0.04,0.046,0.002,0.003,10,16,16,     ,    ,    ,,    ,    ,"9,35,27           ",HAT-P-16b      ,9.57316,42.46312
HAT-P-17b       ,22.63,0.67,0.67,0.53,0.02,0.02,1.01,0.03,0.03,0.342,0.004,0.004,19,16,14,     ,    ,    ,,    ,    ,"9,44              ",HAT-P-17b      ,324.53638,30.48873
HAT-P-18b       ,16.77,0.64,0.64,0.2,0.01,0.01,0.95,0.04,0.04,0,0,0.087,132,15,15,     ,    ,    ,,    ,    ,"9,45              ",HAT-P-18b      ,256.34645,33.01248
HAT-P-20b       ,11.36,0.14,0.14,7.22,0.36,0.36,1.02,0.05,0.05,0.016,0.002,0.002,8,6.9,6.9,52.3,11,16,36.9,17.6,12.4,"9,46,2            ",HAT-P-20b      ,111.91645,24.33653
HAT-P-22b       ,8.45,0.4,0.4,2.19,0.08,0.08,1.06,0.07,0.07,0,0,0.002,2.1,3,3,64.4,10.1,20.8,6.7,3.8,29.4,"9,28,2            ",HAT-P-22b      ,155.68164,50.12835
HAT-P-23b       ,4.55,0.13,0.13,2.07,0.12,0.12,1.22,0.04,0.04,0,0,0.052,15,22,22,     ,    ,    ,,    ,    ,"9,35              ",HAT-P-23b      ,306.12385,16.76217
HAT-P-24b       ,7.71,0.38,0.43,0.68,0.03,0.03,1.24,0.06,0.07,0,0,0.038,20,16,16,     ,    ,    ,,    ,    ,"9,27              ",HAT-P-24b      ,108.82508,14.26261
HAT-P-30b       ,7.42,0.32,0.32,0.71,0.03,0.03,1.34,0.07,0.07,0,0,0.016,73.5,9,9,     ,    ,    ,,    ,    ,"9,47              ",HAT-P-30b      ,123.94992,5.83676
HAT-P-32b       ,6.05,0.12,0.12,0.8,0.14,0.14,1.81,0.03,0.03,0,0,0.044,85,1.5,1.5,     ,    ,    ,,    ,    ,"9,27              ",HAT-P-32b      ,31.04282,46.68784
HAT-P-34b       ,9.48,0.64,0.84,3.33,0.21,0.21,1.2,0.09,0.13,0.432,0.027,0.029,0,14,14,     ,    ,    ,,    ,    ,"9,27              ",HAT-P-34b      ,303.19536,18.10483
HAT-P-36b       ,4.93,0.1,0.1,1.85,0.1,0.1,1.3,0.03,0.03,0,0,0.059,14,18,18,90,28.3,0,28.6,14.6,16,"9,48,2            ",HAT-P-36b      ,188.26628,44.91533
HAT-P-41b       ,5.44,0.13,0.2,0.8,0.1,0.1,1.69,0.05,0.08,0,0,0.22,22.1,0.8,6,     ,    ,    ,,    ,    ,"9,49              ",HAT-P-41b      ,297.32267,4.67244
HAT-P-56b       ,6.37,0.15,0.15,2.18,0.25,0.25,1.47,0.04,0.04,0,0,0.29,8,2,2,     ,    ,    ,,    ,    ,"9,50              ",HAT-P-56b      ,100.84805,27.25228
HAT-P-69b       ,7.69,0.1,0.18,3.73,0.59,0.61,1.63,0.03,0.03,0,      ,      ,30.3,7.3,6.1,     ,    ,    ,,    ,    ,51,HAT-P-69b      ,130.50565,3.71056
HAT-P-70b       ,5.48,0.3,0.35,0,0,6.78,1.87,0.1,0.15,0,      ,      ,113.1,3.4,5.1,     ,    ,    ,,    ,    ,51,HAT-P-70b      ,74.55234,9.998
HATS-2b         ,5.51,0.14,0.14,1.34,0.15,0.15,1.17,0.03,0.03,0,0,0.29,8,8,8,64.7,12.3,25.3,20.6,10.4,23.6,"9,52,2            ",HATS-2b        ,176.73904,-22.563
HATS-3b         ,7.43,0.18,0.17,1.07,0.14,0.14,1.38,0.04,0.04,0,0,0.3,3,25,25,     ,    ,    ,,    ,    ,"9,53              ",HATS-3b        ,312.45744,-24.42876
HATS-70b        ,4.15,0.18,0.16,12.9,1.6,1.8,1.38,0.07,0.08,0,0,0.18,8.9,4.5,5.6,     ,    ,    ,,    ,    ,"54,55             ",HATS-70b       ,109.10453,-31.24441
HD 332231b      ,24.5,0.2,0.3,0.24,0.02,0.02,0.86,0.02,0.02,0,0,0.05,2,6,6,     ,    ,    ,,    ,    ,"56,57,58          ",HD 332231b     ,306.74132,33.74445
HD 3167c        ,43.86,0.86,0.82,0.03,0,0,0.27,0.03,0.04,0,0,0.267,98,23,23,     ,    ,    ,,    ,    ,59,HD 3167c       ,8.73968,4.38147
HD 17156b       ,23.67,0.79,0.79,3.26,0.11,0.11,1.06,0.04,0.04,0.67,0.001,0.001,10,5.1,5.1,     ,    ,    ,,    ,    ,"9,60,61,62,63     ",HD 17156b      ,42.43536,71.75323
HD 63433c       ,38,1.7,4.6,0.02,0.02,0.02,2.71,0.14,0.14,0,0,0,11,35,32,90,18.7,0,25.6,15.3,22.5,"64,65,2           ",HD 63433c      ,117.47942,27.36318
HD 80606b       ,94.64,3.66,3.66,4.11,0.15,0.15,1,0.03,0.03,0.932,0.001,0.001,42,8,8,     ,    ,    ,,    ,    ,"9,66,67,68,69     ",HD 80606b      ,140.65657,50.60373
HD 106315c      ,24.79,0.43,0.39,0.04,0.01,0.01,0.39,0.01,0.01,0.22,0.15,0.15,10.9,3.6,3.8,     ,    ,    ,,    ,    ,70,HD 106315c     ,183.47249,-0.39349
HD 149026b      ,6.02,0.18,0.2,0.37,0.01,0.01,0.81,0.03,0.03,0,0,0.013,12,7,7,     ,    ,    ,,    ,    ,"9,27,71           ",HD 149026b     ,247.62341,38.34731
HD 189733b      ,8.98,0.33,0.33,1.15,0.04,0.04,1.15,0.04,0.04,0,0,0.004,0.4,0.2,0.2,90,14.9,0,2.3,1.6,13.5,"9,72,2,73,14,74   ",HD 189733b     ,300.18214,22.71085
HD 209458b      ,8.78,0.15,0.15,0.71,0.02,0.02,1.38,0.02,0.02,0,0,0.008,0.6,0.4,0.4,61,8.8,13.3,28.2,13.5,9.7,"9,75,2,76,27,77   ",HD 209458b     ,330.79489,18.88432
HIP 67522b      ,11.71,0.16,0.09,0,0,5,0.93,0.04,0.04,0,0,0.3,5.8,5.7,2.8,90,5,0,20.2,10.3,8.7,"78,79             ",HD 120411b     ,207.52616,-40.8358
K2-25b          ,21.05,1.1,1.1,0.08,0.02,0.02,0.31,0.01,0.01,0.428,0.049,0.05,3,16,16,90,11.8,0,13.8,7.8,10.1,"80,2,81           ",K2-25b         ,63.27339,15.24778
K2-29b          ,10.54,0.14,0.14,0.73,0.04,0.04,1.19,0.02,0.02,0.066,0.066,0.022,1.5,8.7,8.7,68.4,8.9,18.2,19.3,11.1,13.7,"82,2              ",K2-29b         ,62.67034,24.40175
K2-34b          ,6.73,0.23,0.23,1.65,0.1,0.1,1.22,0.05,0.05,0,1,0.022,1,10,9,     ,    ,    ,,    ,    ,83,K2-34b         ,127.57879,22.23591
K2-140b         ,12.88,0,0,1.13,0.11,0.12,1.2,0.08,0.08,0.069,0.028,0.042,0.5,9.7,9.7,     ,    ,    ,,    ,    ,"84,85             ",K2-140b        ,188.13735,-9.60764
K2-232b         ,19.25,0.31,0.27,0.38,0.05,0.05,1.1,0.02,0.02,0.247,0.021,0.02,11.1,6.6,6.6,     ,    ,    ,,    ,    ,"86,87             ",K2-232b        ,73.76651,18.65453
K2-290 c        ,43.5,1.2,1.2,1.01,0.05,0.05,0.77,0.05,0.05,0,0,0.241,153,8,8,39,7,7,124,6,6,"88,89             ",K2-290 c       ,234.85776,-20.19882
KELT-1b         ,3.61,0.1,0.12,27.38,0.93,0.93,1.12,0.03,0.04,0.01,0.007,0.01,2,16,16,     ,    ,    ,,    ,    ,90,KELT-1b        ,0.36215,39.38383
KELT-6b         ,11.17,1.01,1.05,0.43,0.05,0.04,1.19,0.08,0.13,0,0,0.036,36,11,11,     ,    ,    ,,    ,    ,"9,91              ",KELT-6b        ,195.98186,30.64008
KELT-7b         ,5.48,0.16,0.16,1.28,0.18,0.18,1.53,0.05,0.05,0,      ,      ,2.7,0.6,0.6,     ,    ,    ,,    ,    ,"50,92             ",KELT-7b        ,78.29554,33.31817
KELT-9b         ,3,0.1,0.1,2.88,0.35,0.35,1.94,0.05,0.05,0,0,0.035,85,0.2,0.2,52,7,8,87,11,10,"93,94,95,96       ",KELT-9b        ,307.85981,39.93882
KELT-17b        ,6.38,0.23,0.25,1.31,0.29,0.28,1.52,0.06,0.07,0,0,0.99,115.9,4.1,4.1,90,21.3,0,114.4,4.6,4.3,"97,2              ",KELT-17b       ,125.61752,13.73532
KELT-19b        ,7.49,0.51,0.54,0,0,4.07,1.91,0.11,0.11,0,      ,      ,179.7,3.7,3.8,     ,    ,    ,,    ,    ,98,KELT-19Ab      ,111.50954,7.61578
KELT-21b        ,6.86,0.15,0.15,0,0,3.9,1.59,0.04,0.04,0,      ,      ,5.6,1.7,1.9,     ,    ,    ,,    ,    ,99,KELT-21b       ,304.80002,32.58104
KELT-25b        ,6.46,0.15,0.2,0,0,64,1.64,0.04,0.04,0,0,1,23.4,2.3,3.2,     ,    ,    ,,    ,    ,100,KELT-25b       ,108.12313,-24.95356
KELT-26b        ,6.49,0.18,0.18,1.41,0.51,0.43,1.94,0.06,0.06,0,0,1,91.3,6.3,6.5,     ,    ,    ,,    ,    ,100,KELT-26b       ,227.27039,-42.70494
Kepler-8b       ,6.98,0.24,0.24,0.59,0.12,0.12,1.38,0.04,0.04,0,      ,      ,5,7,7,58,10.1,15.5,31.1,15.7,10.9,"27,2,101          ",Kepler-8b      ,281.28812,42.45108
Kepler-9b       ,32.05,0.74,0.74,0.14,0.01,0.01,0.74,0.01,0.01,0.064,0,0,13,16,16,71.9,8.8,18.1,28.1,13.6,13,"102,2             ",Kepler-9b      ,285.57398,38.40088
Kepler-13b      ,6.15,0.21,0.16,6,3,3,1.41,0.04,0.04,0,      ,      ,59.2,0.1,0.1,81.1,0,0,60.2,0.1,0.1,"103,104,105,106",Kepler-13b     ,286.97142,46.86831
Kepler-17b      ,5.7,0.41,0.14,2.34,0.24,0.09,1.31,0.07,0.02,0,      ,      ,0,15,15,90,24.5,0,19.7,10.9,14.4,"107,2             ",Kepler-17b     ,298.39527,47.81501
Kepler-25c      ,18.62,0.24,0.24,0.05,0.01,0,0.47,0.01,0.01,0.061,0.004,0.005,0.5,5.7,5.7,90,21.3,0,5.7,3.2,4.2,"108,109,2,110     ",Kepler-25c     ,286.63839,39.48788
Kepler-30c      ,67.86,8.57,8.57,1.69,0.02,0.02,1.07,0.03,0.03,0.011,0.001,0.001,4,10,10,     ,    ,    ,,    ,    ,111,Kepler-30c     ,285.28364,38.94728
Kepler-50b      ,10.48,2.73,1.64,0,0,0.02,0.15,0.01,0,0,0,0.1,,    ,    ,82,7,8,,    ,    ,112,Kepler-50b     ,288.10089,50.03371
Kepler-56b      ,5.23,0.26,0.26,0.07,0.01,0.01,0.58,0.03,0.03,0,      ,      ,,    ,    ,47,6,6,,    ,    ,113,Kepler-56b     ,293.75834,41.87186
Kepler-63b      ,19.09,0.67,0.75,0,0,0.38,0.54,0.02,0.02,0,0,0.45,110,22,14,138,7,7,104,14,9,114,Kepler-63b     ,289.22619,49.54818
Kepler-65b      ,5.24,0.18,0.32,0.01,0.01,0.01,0.13,0,0,0.028,0.02,0.031,,    ,    ,81,16,9,,    ,    ,112,Kepler-65b     ,288.68872,41.15117
Kepler-89d      ,23.82,2.22,2.22,0.33,0.04,0.04,1,0.1,0.1,0.022,0.033,0.038,6,13,11,     ,    ,    ,,    ,    ,"115,108",Kepler-89d     ,297.33306,41.89111
Kepler-408b     ,6.23,0,0,0,0,0.01,0.08,0,0,0,      ,      ,,    ,    ,42,4.5,5,,    ,    ,"116,117",Kepler-408b    ,284.78619,48.42322
Kepler-410b     ,19.5,0.76,0.76,0,     ,     ,0.25,0,0,0.17,0.06,0.07,,    ,    ,82.5,2.5,7.5,,    ,    ,118,Kepler-410b    ,283.15067,45.13982
Kepler-420b     ,72.7,9.08,9.08,1.45,0.35,0.35,0.94,0.12,0.12,0.772,0.045,0.045,74,46,32,     ,    ,    ,,    ,    ,119,Kepler-420b    ,291.22516,44.92737
Kepler-432b     ,15.94,0.66,0.97,5.41,0.18,0.32,1.15,0.04,0.04,0.477,0.007,0.007,,    ,    ,90,8,0,,    ,    ,"9,120",Kepler-432b    ,293.2822,48.28587
Kepler-448b     ,19.92,1.88,1.88,5,5,5,1.44,0.13,0.13,0.34,0.07,0.08,7.1,4.2,2.8,90,16.8,0,10,4.5,10.4,"121,49,2,122      ",Kepler-448b    ,297.45372,41.01101
MASCARA-1b      ,4.4,0.66,0.66,3.7,0.9,0.9,1.5,0.3,0.3,0,      ,      ,69.5,3,3,55.5,2.9,2.3,72.1,2.4,2.5,"123,124",MASCARA-1b     ,317.55155,10.73887
MASCARA-2b      ,7.47,0.42,0.34,0,0,3.5,1.74,0.07,0.07,0,      ,      ,3.4,2.1,2.1,     ,    ,    ,,    ,    ,"125,126,96        ",MASCARA-2b     ,294.6614,31.21923
MASCARA-3b      ,9.95,0.2,0.19,5.18,0.21,0.22,1.27,0.02,0.02,0.077,0.026,0.024,2.6,3.6,5.1,     ,    ,    ,,    ,    ,"127,128",MASCARA-3b     ,161.9098,71.65588
MASCARA-4b      ,5.26,0.54,0.54,3.1,0.9,0.9,1.53,0.04,0.07,0,      ,      ,112.5,1.5,1.7,47.4,13.6,22.9,104,13,7,"129,130",MASCARA-4b     ,147.58,-66.11386
NGTS-2b         ,7.75,0.45,0.45,0.67,0.09,0.09,1.54,0.06,0.06,0,      ,      ,11.3,4.8,4.8,     ,    ,    ,,    ,    ,131,NGTS-2b        ,215.12287,-31.20207
Qatar-1b        ,6.25,0.16,0.16,1.29,0.05,0.05,1.14,0.03,0.03,0,0,0.012,8.4,7.1,7.1,90,26.1,0,16.9,9,15.6,"9,132,2           ",Qatar-1b       ,303.38174,65.16208
Qatar-2b        ,6.53,0.1,0.1,2.47,0.06,0.06,1.11,0.01,0.01,0,0,0.011,0,8,8,90,19.5,0,11.4,7.1,12.3,"9,133,2,130,46    ",Qatar 2b       ,207.65588,-6.80401
TOI-1268b       ,17.04,0.39,0.26,0.29,0.04,0.04,0.75,0.02,0.02,0.13,0.13,0.27,24.9,13.1,13,     ,    ,    ,30.4,11.1,11.1,"134,135",TOI-1268b      ,198.3892,62.30545
TOI-1333b       ,6.98,0.23,0.24,2.37,0.24,0.24,1.4,0.05,0.06,0.073,0.052,0.092,,    ,    ,51.3,3.3,3.5,,    ,    ,136,TOI-1333b      ,325.0146,48.40681
TOI-1518b       ,4.29,0.06,0.06,0,0,2.3,1.2,0.05,1.88,0,0.01,0.01,119.7,0.9,1,     ,    ,    ,,    ,    ,137,TOI-1518b      ,352.2676,67.03483
TOI-2109b       ,2.27,0.02,0.02,5.02,0.75,0.75,1.35,0.05,0.05,0,0,0.035,1.7,1.7,1.7,     ,    ,    ,,    ,    ,138,TOI-2109b      ,253.18633,16.57996
TOI-251b        ,14.02,0.61,0.82,0,0,1,0.24,0.02,0.02,0,0,0,,    ,    ,78,14,7,,    ,    ,139,TOI-251b       ,353.06182,-37.25587
TOI-451b        ,6.93,0.16,0.11,0.02,0.02,0.02,0.17,0.01,0.01,0,0,0,,    ,    ,69,8,11,,    ,    ,140,TOI-451b       ,62.96645,-37.93978
TOI-811b        ,31.6,1.2,1.3,59.9,8.6,13,1.26,0.06,0.06,0.509,0.075,0.075,,    ,    ,19.6,1.8,3.6,,    ,    ,141,TOI-811b       ,88.03024,-32.92518
TOI-852b        ,7.92,0.23,0.24,53.7,1.3,1.4,0.83,0.04,0.04,0.004,0.003,0.004,,    ,    ,73.1,9.9,11.9,,    ,    ,141,TOI-852b       ,24.74027,-7.2809
TOI-942b        ,10.12,0.18,0.13,0,0,2.6,0.43,0,0.02,0,0,0,1,33,41,76,11,9,2,33,27,"139,142",TOI-942b       ,76.64955,-20.2456
TRAPPIST-1b     ,20.04,0.69,0.72,0,0,0,0.1,0,0,0,0,0.081,15,30,26,90,17.4,0,23.3,13.6,17,"143,2             ",TRAPPIST-1b    ,346.62237,-5.0414
TrES-1b         ,10.37,0.33,0.33,0.76,0.05,0.05,1.1,0.04,0.04,0,0,0.012,30,21,21,     ,    ,    ,,    ,    ,"9,144",TrES-1b        ,286.04105,36.63262
TrES-2b         ,7.96,0.21,0.21,1.21,0.05,0.05,1.19,0.02,0.02,0,0,0.003,9,12,12,     ,    ,    ,,    ,    ,"9,145",TrES-2b        ,286.80849,49.31641
TrES-4b         ,6.13,0.28,0.28,0.49,0.04,0.04,1.84,0.09,0.08,0,0,0.015,6.3,4.7,4.7,     ,    ,    ,,    ,    ,"9,146",TrES-4b        ,268.30437,37.21183
V1298 Tau b     ,26.06,0.46,0.46,0,0,0.38,0.92,0.05,0.05,0,0.3,0.3,4,10,7,51,21,25,8,7,4,"147,148,22,149    ",V1298 Tau b    ,61.33163,20.1571
WASP-3b         ,5.05,0.2,0.25,1.77,0.09,0.11,1.35,0.06,0.06,0,0,0.006,5,5,6,     ,    ,    ,,    ,    ,"9,150,151,152,153",WASP-3b        ,278.63177,35.66152
WASP-4b         ,5.48,0.15,0.15,1.25,0.05,0.05,1.36,0.03,0.03,0,0,0.003,1,14,12,90,27.3,0,20,11.1,15.2,"9,40,2,154        ",WASP-4b        ,353.56286,-42.0614
WASP-5b         ,5.42,0.22,0.22,1.59,0.05,0.05,1.18,0.06,0.06,0,0,0.012,12.1,10,8,71.5,7.5,17,22.2,10.3,11.5,"9,154,2           ",WASP-5b        ,359.34899,-41.27715
WASP-6b         ,10.3,0.4,0.4,0.48,0.03,0.03,1.23,0.04,0.04,0,0,0.07,7.2,3.7,3.7,62.3,10.4,19.5,13.1,3.8,22.9,"9,155,2,156       ",WASP-6b        ,348.15724,-22.67397
WASP-7b         ,9.08,0.56,0.56,0.98,0.13,0.13,1.37,0.09,0.09,0,0,0.049,86,6,6,51.4,14,26.1,87.1,5.3,5.1,"9,157,2           ",WASP-7b        ,311.04259,-39.22524
WASP-8b         ,18,0.43,0.43,2.22,0.05,0.05,1.17,0.03,0.03,0.306,0.005,0.005,143,1.6,1.5,36.3,3.6,4,118.2,3,3.2,"9,158,2,159       ",WASP-8b        ,359.9003,-35.03137
WASP-11b        ,12.19,0.31,0.31,0.49,0.02,0.02,0.99,0.02,0.02,0,0,0.03,7,5,5,     ,    ,    ,,    ,    ,"9,48              ",WASP-11b       ,47.36893,30.67357
WASP-12b        ,3.04,0.1,0.11,1.47,0.07,0.08,1.9,0.04,0.06,0,0,0.02,59,20,15,8.3,3.1,3.8,85.5,7.8,6.8,"9,27,2            ",WASP-12b       ,97.63665,29.6723
WASP-13b        ,7.23,0.42,0.42,0.51,0.06,0.06,1.53,0.08,0.08,0,0,0.016,8,12,13,     ,    ,    ,,    ,    ,"9,160",WASP-13b       ,140.10298,33.88242
WASP-14b        ,6.04,0.37,0.46,7.59,0.23,0.24,1.24,0.1,0.12,0.078,0.001,0.001,33.1,7.4,7.4,     ,    ,    ,,    ,    ,"9,161,162",WASP-14b       ,218.27649,21.89472
WASP-15b        ,7.3,0.23,0.23,0.59,0.02,0.02,1.41,0.05,0.05,0,0,0.055,139.6,4.3,5.2,     ,    ,    ,,    ,    ,"9,154",WASP-15b       ,208.92797,-32.15962
WASP-16b        ,8.21,0.35,0.35,0.83,0.04,0.04,1.22,0.04,0.04,0,0,0.018,4.2,11,13.9,     ,    ,    ,,    ,    ,"9,163,27          ",WASP-16b       ,214.68301,-20.27551
WASP-17b        ,6.98,0.23,0.23,0.48,0.03,0.03,1.93,0.05,0.05,0,0,0.02,148.5,4.2,5.4,     ,    ,    ,,    ,    ,"9,154,164,165,166",WASP-17b       ,239.96229,-28.06175
WASP-18b        ,3.52,0.09,0.09,10.52,0.32,0.32,1.2,0.03,0.03,0.008,0.001,0.001,13,7,7,     ,    ,    ,,    ,    ,"9,27              ",WASP-18b       ,24.35431,-45.67788
WASP-19b        ,3.45,0.07,0.07,1.14,0.04,0.04,1.41,0.02,0.02,0,0,0.006,1,1.2,1.2,90,29.2,0,3.7,2.3,28,"9,167,2,27,168,169",WASP-19b       ,148.41699,-45.65918
WASP-20b        ,10.13,0.38,0.38,0.4,0.05,0.05,1.38,0.06,0.06,0,0,0.039,12.7,4.2,4.2,     ,    ,    ,,    ,    ,"9,170",WASP-20b       ,5.16055,-23.93578
WASP-21b        ,9.45,0.51,0.51,0.28,0.02,0.02,1.16,0.05,0.05,0,0,0.048,8,27,26,     ,    ,    ,,    ,    ,"9,171",WASP-21b       ,347.49272,18.39608
WASP-22b        ,8.38,0.26,0.26,0.62,0.02,0.03,1.2,0.03,0.05,0,0,0.021,22,16,16,     ,    ,    ,,    ,    ,"9,172",WASP-22b       ,52.81803,-23.81968
WASP-24b        ,5.94,0.22,0.22,1.11,0.05,0.05,1.3,0.05,0.05,0,0,0.005,4.7,4,4,     ,    ,    ,,    ,    ,"9,36              ",WASP-24b       ,227.21557,2.34332
WASP-25b        ,11.22,0.26,0.26,0.6,0.05,0.05,1.25,0.03,0.03,0,0,0.083,14.6,6.7,6.7,     ,    ,    ,,    ,    ,"9,163",WASP-25b       ,195.3599,-27.5222
WASP-26b        ,6.64,0.21,0.21,1.02,0.03,0.03,1.22,0.05,0.05,0,0,0.004,34,36,26,     ,    ,    ,,    ,    ,"9,27              ",WASP-26b       ,4.60292,-15.2673
WASP-28b        ,8.78,0.28,0.28,0.89,0.06,0.06,1.22,0.03,0.03,0,0,0.058,8,18,18,     ,    ,    ,,    ,    ,"9,170,173",WASP-28b       ,353.61617,-1.58003
WASP-30b        ,8.57,0.17,0.22,62.5,1.2,1.2,0.95,0.02,0.03,0,0,0.004,7,27,19,     ,    ,    ,,    ,    ,174,WASP-30b       ,358.40856,-10.11809
WASP-31b        ,8,0.22,0.22,0.48,0.03,0.03,1.55,0.05,0.05,0,0,0.047,2.8,3.1,3.1,     ,    ,    ,,    ,    ,"9,163,27          ",WASP-31b       ,169.43899,-19.05478
WASP-32b        ,7.63,0.35,0.35,3.6,0.07,0.07,1.18,0.07,0.07,0,0,0.004,10.5,6.5,6.4,54.5,11,17.9,35.8,17.2,10.2,"9,175,2,160       ",WASP-32b       ,3.9617,1.20044
WASP-33b        ,3.69,0.1,0.05,2.16,0.2,0.2,1.68,0.03,0.02,0,      ,      ,112.9,0.2,0.2,37.5,5.7,6.8,104.1,2.8,2.8,"176,2,95,177,178  ",WASP-33b       ,36.71274,37.55048
WASP-38b        ,12.15,0.26,0.3,2.69,0.06,0.06,1.09,0.03,0.03,0.028,0.003,0.003,7.5,6.1,4.7,     ,    ,    ,,    ,    ,"9,175,36          ",WASP-38b       ,243.95986,10.03258
WASP-39b        ,11.06,0.32,0.32,0.28,0.03,0.03,1.28,0.04,0.04,0,0,0.048,0,11,11,     ,    ,    ,,    ,    ,"9,28              ",WASP-39b       ,217.32673,-3.4445
WASP-41b        ,9.95,0.18,0.18,0.98,0.03,0.03,1.18,0.02,0.02,0,0,0.12,6,11,11,62,16.5,28,22.6,11.9,28.9,"9,179,2,180       ",WASP-41b       ,190.61873,-30.63987
WASP-43b        ,4.92,0.1,0.09,2.03,0.05,0.05,1.04,0.02,0.02,0,0,0.006,3.5,6.8,6.8,90,27.8,0,12.7,7.7,19.7,"9,46,2            ",WASP-43b       ,154.90837,-9.80628
WASP-47b        ,9.67,0.15,0.15,1.14,0.02,0.02,1.12,0.01,0.01,0.028,0.002,0.004,0,24,24,     ,    ,    ,,    ,    ,181,WASP-47b       ,331.20303,-12.01889
WASP-52b        ,7.23,0.21,0.21,0.43,0.02,0.02,1.25,0.03,0.03,0,0,0.092,1.1,1.1,1.1,90,11.1,0,2.8,1.8,9.8,"9,182,2,183,184   ",WASP-52b       ,348.49482,8.76127
WASP-53b        ,11.05,0.4,0.39,2.13,0.09,0.09,1.07,0.04,0.04,0,0,0.03,1,12,12,     ,    ,    ,,    ,    ,185,WASP-53b       ,31.90921,-20.66188
WASP-60b        ,8.51,0.41,0.41,0.56,0.04,0.04,1.23,0.07,0.07,0,0,0.064,129,17,17,     ,    ,    ,,    ,    ,"9,28              ",WASP-60b       ,356.66656,31.15594
WASP-61b        ,8.06,0.21,0.21,2.06,0.16,0.16,1.22,0.03,0.03,0,0,0.074,4,18.4,17.1,     ,    ,    ,,    ,    ,"9,186",WASP-61b       ,75.29966,-26.05416
WASP-62b        ,9.53,0.39,0.39,0.57,0.04,0.04,1.39,0.06,0.06,0.006,0.001,0.001,19.4,4.9,5.1,73,6.4,12.2,25,6.2,6.6,"187,186,2         ",WASP-62b       ,87.13997,-63.98844
WASP-66b        ,6.71,0.36,0.36,2.32,0.13,0.13,1.39,0.09,0.09,0,0,0.046,4,22,22,     ,    ,    ,,    ,    ,"9,188",WASP-66b       ,158.22497,-34.98985
WASP-69b        ,11.97,0.44,0.44,0.26,0.02,0.02,1.06,0.05,0.05,0,0,0.11,0.4,1.9,2,90,21.5,0,3.8,2.7,18.5,"9,189,2           ",WASP-69b       ,315.02582,-5.09445
WASP-71b        ,4.4,0.34,0.34,2.24,0.08,0.08,1.46,0.13,0.13,0,0,0.019,1.9,7.1,7.5,     ,    ,    ,,    ,    ,"9,186,190",WASP-71b       ,29.26335,0.75886
WASP-72b        ,4.03,0.49,0.49,1.46,0.06,0.06,1.27,0.2,0.2,0,0,0.017,7,11,12,     ,    ,    ,,    ,    ,"9,191",WASP-72b       ,41.04004,-30.16904
WASP-74b        ,4.82,0.09,0.09,0.83,0.02,0.02,1.4,0.02,0.02,0,0,0.03,0.8,1,1,     ,    ,    ,,    ,    ,"9,192",WASP-74b       ,304.53884,-1.07572
WASP-76b        ,4.02,0.16,0.16,0.89,0.01,0.02,1.85,0.08,0.08,0,0,0.05,61.3,5.1,7.6,9.1,2.1,2.4,85.7,2.4,2.5,"193,2,186         ",WASP-76b       ,26.63274,2.70056
WASP-78b        ,3.36,0.15,0.16,0.86,0.08,0.08,2.06,0.1,0.1,0,0,0.092,6.4,5.9,5.9,     ,    ,    ,,    ,    ,"9,186",WASP-78b       ,63.75627,-22.11642
WASP-79b        ,7.39,0.19,0.23,0.86,0.08,0.08,1.53,0.04,0.04,0,0,0.066,99.1,4.1,3.9,     ,    ,    ,,    ,    ,"9,49,186,194      ",WASP-79b       ,66.3709,-30.60045
WASP-80b        ,12.62,0.35,0.35,0.56,0.03,0.03,0.99,0.02,0.02,0,0,0.02,14,14,14,     ,    ,    ,,    ,    ,"9,195",WASP-80b       ,303.16737,-2.14422
WASP-84b        ,21.7,0.72,0.72,0.69,0.03,0.03,0.98,0.03,0.03,0,0,0.077,0.3,1.7,1.7,71.4,7.1,13.7,18.6,15.7,4.4,"9,196,2           ",WASP-84b       ,131.1071,1.86003
WASP-85b        ,8.97,0.32,0.32,1.26,0.07,0.07,1.24,0.03,0.03,0,      ,      ,0,14,14,90,31.3,0,22.1,12.1,17.4,"197,2             ",WASP-85b       ,175.90837,6.56374
WASP-87b        ,3.89,0.18,0.18,2.18,0.15,0.15,1.39,0.06,0.06,0,0,0.099,8,11,11,     ,    ,    ,,    ,    ,188,WASP-87b       ,185.32469,-52.84083
WASP-94Ab       ,7.3,0.22,0.26,0.45,0.03,0.04,1.72,0.05,0.06,0,0,0.13,151,23,16,33.1,7.1,8.8,116.6,9.1,9.9,"198,2             ",WASP-94Ab      ,313.7831,-34.13556
WASP-100b       ,5.54,0.53,0.88,2.03,0.12,0.12,1.4,0.3,0.2,0,0,0.044,79,10,19,     ,    ,    ,,    ,    ,"9,191",WASP-100b      ,68.95971,-64.02704
WASP-103b       ,3.01,0.14,0.12,1.47,0.13,0.11,1.65,0.06,0.05,0,0,0.15,3,33,33,     ,    ,    ,,    ,    ,"9,188",WASP-103b      ,249.3149,7.18337
WASP-107b       ,17.75,0.67,0.67,0.1,0.01,0.01,0.92,0.02,0.02,0.06,0.04,0.04,112.6,20.6,24.9,28.2,20,40.4,92.6,1.8,30.7,"199,200,201",WASP-107b      ,188.38685,-10.14617
WASP-109b       ,7.4,0.3,0.3,0.91,0.13,0.13,1.44,0.05,0.05,0,0,0.32,99,9,10,     ,    ,    ,,    ,    ,191,WASP-109b      ,232.05509,-16.41074
WASP-111b       ,4.55,0.27,0.27,1.83,0.15,0.15,1.44,0.09,0.09,0,0,0.1,5,16,16,     ,    ,    ,,    ,    ,202,WASP-111b      ,328.76768,-22.61258
WASP-117b       ,17.39,0.89,1.01,0.28,0.01,0.01,1.02,0.07,0.08,0.3,0.026,0.026,46.9,5.5,4.8,     ,    ,    ,,    ,    ,"9,203,204",WASP-117b      ,36.77541,-50.28453
WASP-121b       ,3.8,0.11,0.11,1.18,0.06,0.06,1.86,0.04,0.04,0,0,0.07,87.2,0.4,0.4,39.8,6.3,7.4,88.1,0.2,0.2,"205,206,207",WASP-121b      ,107.60025,-39.09738
WASP-127b       ,8.39,0.19,0.19,0.17,0.02,0.02,1.31,0.03,0.03,0,      ,      ,128.4,5.6,5.5,     ,    ,    ,,    ,    ,"208,209",WASP-127b      ,160.55868,-3.83507
WASP-134b       ,17.5,0.85,0.85,1.41,0.07,0.07,0.99,0.06,0.06,0.145,0.009,0.009,43.7,9.9,9.9,     ,    ,    ,,    ,    ,210,WASP-134b      ,327.5699,4.19456
WASP-148b       ,19.8,1.5,1.5,0.35,0.05,0.05,0.8,0.02,0.02,0.351,0.064,0.06,8.2,8.7,9.7,     ,    ,    ,,    ,    ,"211,212",WASP-148b      ,254.13058,44.30265
WASP-166b       ,11.32,0.56,0.56,0.1,0,0,0.63,0.03,0.03,0,0,0.07,3,5,5,90,23.8,0,10.1,5.9,16.7,"213,2             ",WASP-166b      ,144.87536,-20.98247
WASP-167b       ,4.38,0.14,0.14,0,0,8,1.56,0.05,0.05,0,      ,      ,165,5,5,35,4.6,5.2,123.8,10.6,11.6,"214,2             ",WASP-167b      ,196.04389,-35.54953
WASP-174b       ,8.79,0.15,0.15,0.33,0.09,0.09,1.44,0.05,0.05,0,      ,      ,31,1,1,     ,    ,    ,,    ,    ,215,WASP-174b      ,195.79401,-41.38484
WASP-180b       ,8.67,0.47,0.47,0.8,0.1,0.1,1.29,0.07,0.07,0,      ,      ,162,5,5,     ,    ,    ,,    ,    ,216,WASP-180Ab     ,123.39231,-1.98277
WASP-189b       ,4.6,0.11,0.11,1.99,0.14,0.16,1.62,0.02,0.02,0,      ,      ,89.3,1.4,1.4,75.5,2.2,3.1,87.4,4,5,"217,218,2,219     ",WASP-189b      ,225.68695,-3.03138
WASP-190b       ,8.91,0.57,0.57,1,0.1,0.1,1.15,0.09,0.09,0,      ,      ,21,6,6,     ,    ,    ,,    ,    ,220,WASP-190b      ,7.70931,-40.57342
XO-2b           ,7.79,0.59,0.36,0.6,0.02,0.02,1.02,0.03,0.03,0,0,0.006,7,11,11,64.6,9.6,19.2,26.5,13.7,11.8,"9,221,2,222       ",XO-2b          ,117.02697,50.22581
XO-3b           ,6.91,0.3,0.3,11.83,0.38,0.38,1.25,0.05,0.05,0.276,0.001,0.001,37.3,3,3,     ,    ,    ,,    ,    ,"9,223,224,225",XO-3b          ,65.4696,57.81719
XO-4b           ,7.68,0.11,0.11,1.61,0.1,0.1,1.32,0.03,0.04,0,0,0.004,46.7,8.1,6.1,     ,    ,    ,,    ,    ,"226,9             ",XO-4b          ,110.38817,58.26809
XO-6b           ,8.08,1.03,1.03,2.01,0.71,0.71,2.08,0.18,0.18,0,      ,      ,20.7,2.3,2.3,62.3,9.3,17.4,23.3,2.9,14.3,"227,2             ",XO-6b          ,94.79321,73.82766
pi Men b        ,12.5,0.26,0.26,0.04,0,0,0.19,0,0,0,      ,      ,24,4.1,4.1,79.7,11.4,10.3,26.9,4.7,5.8,"228,229",pi Men b       ,84.29119,-80.46912
